n,m,cc,diameter,avg_path_length,density
4039,88234,0.5191742775433075,8,3.6925068496963913,0.010819963503439287
