n,m,cc,diameter,avg_path_length,density
4039.0,88234.0,0.5191742775433075,8.0,3.6925068496963913,0.0108199635034392
4039.0,88234.0,0.5191742775433075,8.0,3.6925068496963913,0.010819963503439287
